,Jumps,Enemies Killed,Difficulty,Time
Jumps,246.0121902133287,-5.971565752400665,0.5692909964782895,135.3728652751424
Enemies Killed,-5.971565752400665,8.134149847622334,0.21985325766782615,-1.3927893738140418
Difficulty,0.5692909964782895,0.21985325766782615,0.008214772296999918,0.39063028884960377
Time,135.3728652751424,-1.3927893738140418,0.39063028884960377,82.63820366856416
