Jumps,Enemies Killed,Difficulty,Time
46.790476190476184,-1.371428571428571,0.0,21.15714285714286
-1.371428571428571,4.014285714285715,0.0,-0.3214285714285713
0.0,0.0,0.0,0.0
21.15714285714286,-0.3214285714285713,0.0,11.157142857142865
