Jumps,Enemies Killed,Difficulty,Time
246.0121902133287,-5.971565752400665,0.0,135.3728652751424
-5.971565752400665,8.134149847622334,0.0,-1.3927893738140418
0.0,0.0,0.0,0.0
135.3728652751424,-1.3927893738140418,0.0,82.63820366856416
