,Jumps,Enemies Killed,Difficulty,Time
Jumps,46.790476190476184,-1.371428571428571,0.6977113210148924,21.15714285714286
Enemies Killed,-1.371428571428571,4.014285714285715,0.21224127826806397,-0.3214285714285713
Difficulty,0.6977113210148924,0.21224127826806397,0.02457969467249881,0.3623734831770544
Time,21.15714285714286,-0.3214285714285713,0.3623734831770544,11.157142857142865
