Jumps,Enemies Killed,Difficulty,Time
30.35399350649353,-3.550032467532469,0.0,11.3816883116883
-3.550032467532469,8.518409090909094,0.0,-0.00584415584415588
0.0,0.0,0.0,0.0
11.3816883116883,-0.00584415584415588,0.0,5.435324675324664
