Jumps,Enemies Killed,Difficulty,Time
16.28546626984127,-0.5558035714285714,0.0,5.074156746031746
-0.5558035714285714,6.348958333333333,0.0,1.2805059523809523
0.0,0.0,0.0,0.0
5.074156746031746,1.2805059523809523,0.0,3.3191964285714284
