,Jumps,Enemies Killed,Difficulty,Time
Jumps,1.0,-0.13349156375917762,0.4004591642811676,0.9494298315711054
Enemies Killed,-0.1334915637591776,1.0,0.8505092785246344,-0.05372036146589775
Difficulty,0.40045916428116757,0.8505092785246344,0.9999999999999999,0.474108471762989
Time,0.9494298315711055,-0.05372036146589775,0.474108471762989,1.0
