Jumps,Enemies Killed,Difficulty,Time
1.0,-0.13349156375917762,,0.9494298315711054
-0.1334915637591776,1.0,,-0.05372036146589775
,,,
0.9494298315711055,-0.05372036146589775,,1.0
