Jumps,Enemies Killed,Difficulty,Time
1.0,-0.10006687112525094,,0.925980389058964
-0.10006687112525095,1.0,,-0.04802903282622089
,,,
0.925980389058964,-0.04802903282622089,,0.9999999999999999
