Jumps,Enemies Killed,Difficulty,Time
1.0,-0.05466004639083625,,0.6901560556134348
-0.05466004639083625,1.0,,0.27894198422741767
,,,
0.6901560556134347,0.27894198422741767,,1.0
